{"1": "yeer", "2": "swcw", "3": "cmfx", "4": "juvm", "5": "7njb", "6": "gyhe", "7": "ejof", "8": "bmmx", "9": "wts4", "10": "scex", "11": "vgr8", "12": "www8", "13": "isgc", "14": "6fbk", "15": "syqz", "16": "ar8k", "17": "rqfz", "18": "snqu", "19": "ayng", "20": "btjr", "21": "7afp", "22": "rvcl", "23": "evfh", "24": "qnel", "25": "oxpd", "26": "e8um", "27": "pscg", "28": "fadt", "29": "puub", "30": "y87x", "31": "oaxi", "32": "cpdq", "33": "leai", "34": "dka7", "35": "madz", "36": "gwqm", "37": "d9wn", "38": "weod", "39": "g9zt", "40": "jbtq", "41": "kjq8", "42": "zrbr", "43": "jtbk", "44": "sgtl", "45": "3en6", "46": "kvmm", "47": "emry", "48": "nxgi", "49": "o8tq", "50": "bkjp", "51": "mscn", "52": "kdcx", "53": "78xi", "54": "neyc", "55": "k7fp", "56": "hz5k", "57": "asny", "58": "jzth", "59": "eqsi", "60": "zrpi", "61": "nwjw", "62": "xaty", "63": "beud", "64": "dspw", "65": "vhru", "66": "nwsw", "67": "nejv", "68": "daeg", "69": "cuyn", "70": "vdxw", "71": "5uwn", "72": "uwty", "73": "xbgq", "74": "mkej", "75": "ckwg", "76": "vp3a", "77": "seq4", "78": "vwhp", "79": "sgdn", "80": "fmrq", "81": "s3wl", "82": "jqnm", "83": "ymmr", "84": "9mbl", "85": "iiuv", "86": "xurz", "87": "igzf", "88": "ytvp", "89": "yi6k", "90": "tqi9", "91": "sjez", "92": "tkln", "93": "3muo", "94": "ztcn", "95": "6cdm", "96": "kzhl", "97": "zpcr", "98": "qyzn", "99": "3xr9", "100": "tktu", "101": "epbv", "102": "jeki", "103": "dwpf", "104": "msbk", "105": "dugz", "106": "quar", "107": "zqxp", "108": "xuy8", "109": "ga7f", "110": "sfzk", "111": "zjn6", "112": "yfww", "113": "aqdv", "114": "k3nd", "115": "fbm4", "116": "afu5", "117": "brrf", "118": "r5wp", "119": "xqje", "120": "qhbd", "121": "pcnx", "122": "zhnp", "123": "4sqy", "124": "nwkm", "125": "gk8e", "126": "mjgz", "127": "zqum", "128": "eiug", "129": "mi5t", "130": "efkq", "131": "ftal", "132": "tpnb", "133": "tdxb", "134": "tmw6", "135": "z6xy", "136": "hdaa", "137": "pyez", "138": "pmec", "139": "yswo", "140": "syto", "141": "xfwl", "142": "iebn", "143": "fpxi", "144": "vcdl", "145": "ytcy", "146": "ymbq", "147": "naiu", "148": "qysr", "149": "hjxi", "150": "xijp", "151": "zihh", "152": "swbf", "153": "ttsu", "154": "rfjc", "155": "pkhu", "156": "8biy", "157": "vmct", "158": "quwb", "159": "qbjv", "160": "dvqt", "161": "zs5g", "162": "bsc3", "163": "ru4w", "164": "qlhi", "165": "mxwy", "166": "twvp", "167": "djez", "168": "uhpq", "169": "rhjc", "170": "nnpd", "171": "lah7", "172": "syeb", "173": "mnqu", "174": "cxzm", "175": "rupq", "176": "jfd8", "177": "ilsk", "178": "wjdu", "179": "ruza", "180": "keaw", "181": "nzk5", "182": "wuat", "183": "phim", "184": "5wwg", "185": "kfja", "186": "kxjq", "187": "stfg", "188": "iccv", "189": "ecdv", "190": "weqr", "191": "wfmy", "192": "j8ut", "193": "xyoy", "194": "iqmv", "195": "m9bf", "196": "gtwj", "197": "mzvy", "198": "4ugb", "199": "gkii", "200": "byyn"}